{
    "U787e404ce0bac50d4f94938980ce1c26": {
        "Ahorro": 15.085714285714285,
        "記帳城市(免費版)": 15.885714285714286,
        "CW money(免費版)": 15.37142857142857,
        "天天記帳": 15.114285714285714,
        "碎碎念記帳": 7.828571428571429,
        "Spendee Budget & Money Tracker": 7.0,
        "簡單記帳": 17.057142857142857,
        "記帳雞": 13.257142857142858,
        "卡娜赫拉家計簿": 10.82857142857143
    }
}