{
    "Ue8ba954b3a92b7bf3ef9691ef5c797b6": {
        "Ahorro": 17.685714285714287,
        "記帳城市(免費版)": 19.085714285714285,
        "MOZE3.0(免費版)": 22.142857142857142,
        "CW money(免費版)": 24.97142857142857,
        "天天記帳": 15.314285714285715,
        "碎碎念記帳": 9.82857142857143,
        "Spendee Budget & Money Tracker": 8.8,
        "簡單記帳": 18.057142857142857,
        "記帳雞": 15.257142857142858,
        "卡娜赫拉家計簿": 12.228571428571428
    },
    "U9428941dc9c7fa6c078fed7751693cae": {
        "Ahorro": 22.285714285714285,
        "記帳城市(免費版)": 26.285714285714285,
        "CW money(免費版)": 33.57142857142857,
        "天天記帳": 18.314285714285717,
        "碎碎念記帳": 12.228571428571428,
        "Spendee Budget & Money Tracker": 10.2,
        "簡單記帳": 26.25714285714286,
        "記帳雞": 19.65714285714286,
        "卡娜赫拉家計簿": 17.628571428571426,
        "理財幫手 AndroMoney": 21.114285714285714
    }
}