{
    "U60bda6815f12204774d20b0388e242e2": {
        "Ahorro": 20.42857142857143,
        "記帳城市(免費版)": 26.42857142857143,
        "記帳城市(付費版)": 27.57142857142857,
        "MOZE3.0(免費版)": 24.914285714285715,
        "MOZE3.0(付費版)": 42.05714285714286,
        "CW money(免費版)": 30.857142857142858,
        "CW money(付費版)": 32,
        "天天記帳": 15.771428571428572,
        "碎碎念記帳": 12.742857142857144,
        "Spendee Budget & Money Tracker": 9.4,
        "簡單記帳": 23.085714285714285,
        "記帳雞": 19.885714285714286,
        "卡娜赫拉家計簿": 17.542857142857144,
        "理財幫手 AndroMoney": 19.37142857142857
    }
}